BankName,Rating,ServiceCharge,APY,MinEarn,MinDeposit,APY_Value
Primis Bank,4.5,—,4.20%,$0,$1,4.2
Dave,4.4,$0,4.00%,$0,$0,4.0
Forbright Bank,3.4,$0,3.00%,$2.5k,$25,3.0
Carter Bank & Trust,3.4,$0,2.65%,$25k,$100,2.65
Seattle Bank,4.2,$10,2.30%,$0,$500,2.3
ZYNLO Bank,4.8,$0,2.00%,$0,$0,2.0
CFG Bank,3.7,—,1.75%,$20k,$50,1.75
MainStreet Bank,3.8,$15,1.25%,$25k,$50,1.25
Quorum Federal Credit Union,5.0,—,1.25%,$10k,—,1.25
National Cooperative Bank,3.6,$15,1.16%,$0,$0,1.16
American Bank,4.4,$0,1.00%,$0,$1,1.0
Bask Bank,4.6,$0,1.00%,$0,$0,1.0
NASA Federal Credit Union,3.8,$10,1.00%,$0,$0,1.0
EagleBank,4.6,—,0.90%,$0,—,0.9
Langley Federal Credit Union,3.2,—,0.75%,$10k,$0,0.75
Amalgamated Bank,3.7,$10,0.60%,$1k,$0,0.6
Communitywide Federal Credit Union,4.4,—,0.50%,$1,$5,0.5
First Internet Bank,3.6,$10,0.50%,$500,$100,0.5
"Chain Bridge Bank, National Association",5.0,—,0.44%,$0,—,0.44
PenFed Credit Union,4.1,$10,0.35%,$20k,$25,0.35
Wells Fargo Bank,3.8,$35,0.35%,$0,$25,0.35
Woodforest National Bank,2.8,$10,0.35%,$1k,$25,0.35
Citizens State Bank (6194),4.3,$6,0.29%,$1.5k,$0,0.29
EverBank,4.6,$0,0.25%,$0,$100,0.25
Orrstown Bank,3.2,$10,0.25%,$500,$25,0.25
Northpointe Bank,3.2,—,0.25%,$25k,$2.5k,0.25
Greenwood Credit Union,3.4,$7,0.25%,$1k,$5,0.25
Giantbank.com,3.6,—,0.25%,$1k,$100,0.25
CIT Bank,4.4,$0,0.25%,$25k,$100,0.25
Ally Bank,4.6,$0,0.25%,$15k,$0,0.25
Alliant Credit Union,4.6,$0,0.25%,$0,$25,0.25
Dow Credit Union,4.2,—,0.25%,$0,$0,0.25
Lake Michigan Credit Union,2.5,$10,0.20%,$25k,—,0.2
Newtown Savings Bank,3.4,$25,0.20%,$0,$25,0.2
Pinnacle Federal Credit Union,4.3,$0,0.20%,$1,$25,0.2
The Bank of Romney,3.1,—,0.20%,$25k,—,0.2
Service Credit Union,4.0,—,0.15%,$0,—,0.15
MutualOne Bank,3.9,$8,0.15%,$5k,$100,0.15
Old Dominion National Bank,3.7,$10,0.15%,$2.5k,$100,0.15
Tower Federal Credit Union,3.8,$0,0.15%,$0,—,0.15
Affinity Plus Federal Credit Union,3.5,$6,0.13%,$200,—,0.13
Presidential Bank (MD),4.2,$5,0.12%,$0,$1.5k,0.12
Somerset Trust Company,3.3,$0,0.11%,$1k,$0,0.11
American Heritage Credit Union,2.2,$10,0.11%,$7.5k,$7.5k,0.11
Manasquan Bank,4.0,$0,0.10%,$0,$50,0.1
Prime Alliance Bank,4.3,$0,0.10%,$15k,$1,0.1
NuVision Federal Credit Union,2.4,$25,0.10%,$25k,$100,0.1
OneUnited Bank,3.1,$20,0.10%,$100,$500,0.1
Pennsylvania State Employees Credit Union,4.2,$0,0.10%,$0,—,0.1
John Marshall Bank,3.6,$10,0.10%,$10k,$100,0.1
Self-Help Credit Union,4.1,$5,0.10%,$0,$0,0.1
Self-Help Federal Credit Union,3.9,$5,0.10%,$0,$0,0.1
Spectrum Credit Union,3.8,$0,0.10%,$500,—,0.1
Technology Credit Union,3.0,$0,0.10%,$1.5k,$0,0.1
The Federal Savings Bank,3.5,—,0.10%,$100,—,0.1
LendingClub,3.2,$0,0.10%,$2.5k,$25,0.1
Bank of Blue Valley,3.6,$12,0.10%,$0,$500,0.1
Hanscom Federal Credit Union,3.6,$9.95,0.10%,$0,$0,0.1
Genisys Credit Union,2.4,$10,0.10%,$1.5k,$1.5k,0.1
GECU,3.3,$0,0.10%,$2.5k,$0,0.1
Fort Liberty Federal Credit Union,2.4,$5.95,0.10%,$2.5k,—,0.1
Dollar Bank,3.7,$5,0.10%,$0,$50,0.1
Credit Human,3.6,$5,0.10%,$0,$25,0.1
CoVantage Credit Union,3.8,$0,0.10%,$500,—,0.1
Chevron Federal Credit Union,3.7,$0,0.10%,$500,—,0.1
Capital One,4.3,$0,0.10%,$0,$0,0.1
Bellco Credit Union,3.6,$12,0.10%,$25k,$0,0.1
Advancial,4.0,$0,0.10%,$10k,$0,0.1
First National Bank of Pennsylvania,2.7,$10,0.07%,$15k,—,0.07
Zions Bank,3.0,$10,0.06%,$5k,$50,0.06
Matadors Community Credit Union,2.6,$7,0.05%,$1k,$25,0.05
Magnifi Financial,3.8,$5,0.05%,$0,$0,0.05
Luana Savings Bank,3.6,$8,0.05%,$0,$1k,0.05
Great Lakes Credit Union,3.6,$0,0.05%,$1,$0,0.05
Loudoun Credit Union,3.2,—,0.05%,$0,—,0.05
Library Of Congress Federal Credit Union,3.2,$0,0.05%,$0,—,0.05
KeyBank,3.2,$25,0.05%,$0,$50,0.05
IncredibleBank,3.4,$10,0.05%,$0,$0,0.05
Hughes Federal Credit Union,3.8,$0,0.05%,$0,—,0.05
Boeing Employees Credit Union (BECU),4.0,$0,0.05%,$0,—,0.05
First Citizens Bank (NC),2.6,$18,0.05%,$0,$100,0.05
F&M Trust,2.6,—,0.05%,$2.5k,—,0.05
E*TRADE from Morgan Stanley,3.2,—,0.05%,$0,—,0.05
Community Bank of Raymore,3.2,$6,0.05%,$0,$25,0.05
CIBC Bank USA,4.2,$0,0.05%,$0,$50,0.05
Chartway Federal Credit Union,2.4,$6,0.05%,$10k,—,0.05
Apple Federal Credit Union,3.2,$10,0.05%,$0,$0,0.05
American Broadcast Employees Federal Credit Union,3.8,$0,0.05%,$0,—,0.05
Allegacy Federal Credit Union,3.4,$3,0.05%,$0,$50,0.05
My eBanc,3.2,$15,0.05%,$0,$5k,0.05
